{
    "lookback": 19,
    "filters": 45,
    "kernel_size": 2,
    "lstm_units": 122,
    "dense_units": 21,
    "dropout_rate": 0.19951547789558385,
    "learning_rate": 0.006763980725148532,
    "l2_reg": 0.000688152438667204,
    "batch_size": 128
}