{
  "avg_vol_gap": 0.001116247581087008,
  "max_vol_gap": 0.0011171278237658289,
  "avg_mean_gap_z": 1.2428881533397563e-08,
  "avg_ks_stat": 0.054853834612357336,
  "avg_acf_gap": 0.09978192100650587,
  "corr_gap": 0.040768336920101476,
  "full_avg_ks_stat": 0.06542699724517907,
  "recent_avg_ks_stat": 0.047805059523809514,
  "full_avg_acf_gap": 0.09258890365191282,
  "recent_avg_acf_gap": 0.10457726590956791,
  "full_corr_gap": 2.039465477962632e-06,
  "recent_corr_gap": 0.06794586855651716,
  "quality_score": 0.45012877671443313,
  "quality_label": "good",
  "candidate": 8,
  "seed": 123
}