seed,best_epoch,best_loss,best_val_loss,rmse_test,r2_test
0,5,0.0033451070314900913,0.0026910771237741602,41.12297601059926,0.9944138172209406
1,6,0.0038762595772070534,0.0026895428827899224,41.155736084224905,0.9944049133588835
2,1,0.008531079171361327,0.0026778047205111865,41.248039722945926,0.9943797880156953
42,1,0.013111432839305609,0.002708248041797638,41.418784364212556,0.9943331624188206
99,3,0.006749705397267008,0.0026961366120393914,41.12899454148797,0.9944121819757744
123,5,0.0033446842730444517,0.0026843031067647063,41.119932537119645,0.994414644046801
