{
    "lookback": 34,
    "filters": 38,
    "kernel_size": 3,
    "lstm_units": 47,
    "dense_units": 34,
    "dropout_rate": 0.4298818077345779,
    "learning_rate": 0.005162182220390007,
    "l2_reg": 0.00028768797906825774,
    "batch_size": 32
}