{
  "avg_vol_gap": 0.0018779636388629821,
  "max_vol_gap": 0.0018781713078317441,
  "avg_mean_gap_z": 2.4308193190911555e-08,
  "avg_ks_stat": 0.06852907343227645,
  "avg_acf_gap": 0.09272420418101822,
  "corr_gap": 0.13847668109304379,
  "full_avg_ks_stat": 0.06645376972301323,
  "recent_avg_ks_stat": 0.06991260923845193,
  "full_avg_acf_gap": 0.09512483236276387,
  "recent_avg_acf_gap": 0.09112378539318779,
  "full_corr_gap": 0.13095733828734757,
  "recent_corr_gap": 0.14348957629684128,
  "quality_score": 0.6755012728924394,
  "quality_label": "good",
  "candidate": 29,
  "seed": 0
}