seed,best_epoch,best_loss,best_val_loss,rmse_test,r2_test
42,20,0.013685647957026958,0.005633824605507718,32.40936993421045,0.7678442224822458
