{
    "lookback": 29,
    "filters": 123,
    "kernel_size": 4,
    "lstm_units": 166,
    "dense_units": 23,
    "dropout_rate": 0.16239780813448107,
    "learning_rate": 1.493656855461762e-05,
    "l2_reg": 0.0003967605077052988,
    "batch_size": 128
}