seed,best_epoch,best_loss,best_val_loss,rmse_test,r2_test
0,6,0.003145672705630551,0.005316102510571272,32.17254113167845,0.7712247442077546
1,7,0.0032067341047259377,0.005316292092314425,32.2037201869204,0.7707811079606781
2,3,0.00317373566883465,0.0053161122334816,32.17288559134115,0.7712198453550974
42,5,0.003252967704585755,0.005316600798976442,32.19072429143744,0.7709660743977216
99,5,0.003279310416653869,0.005316031519940143,32.16908290882334,0.7712739236178857
123,4,0.0031570719480718493,0.005316024379259566,32.181212119281284,0.7711014107900864
