{
    "lookback": 32,
    "filters": 19,
    "kernel_size": 2,
    "lstm_units": 46,
    "dense_units": 22,
    "dropout_rate": 0.3727547914864119,
    "learning_rate": 0.008294843297624154,
    "l2_reg": 0.0009351313389835018,
    "batch_size": 32
}