{
    "lookback": 36,
    "filters": 27,
    "kernel_size": 2,
    "lstm_units": 47,
    "dense_units": 39,
    "dropout_rate": 0.40160912002307203,
    "learning_rate": 0.004448971492463646,
    "l2_reg": 0.00025382049490858854,
    "batch_size": 16
}